<?xml version="1.0" encoding="UTF-8"?>
<feature
      id="com.jrockit.mc.feature.rcp.zh_CN"
      label="%name"
      version="3.1.6.142232"
      provider-name="%provider">

   <description url="%descriptionUrl">
      %description
   </description>

   <copyright>
      %copyright
   </copyright>

   <license>
      %license
   </license>

   <requires>
      <import feature="com.jrockit.mc.feature.core" version="3.1.6" match="compatible"/>
   </requires>

   <plugin
         id="com.jrockit.mc.alert.zh_CN"
         download-size="0"
         install-size="0"
         version="3.1.6.142232"
         fragment="true"
         unpack="false"/>

   <plugin
         id="com.jrockit.mc.browser.attach.zh_CN"
         download-size="0"
         install-size="0"
         version="3.1.6.142232"
         fragment="true"
         unpack="false"/>

   <plugin
         id="com.jrockit.mc.browser.jdp.zh_CN"
         download-size="0"
         install-size="0"
         version="3.1.6.142232"
         fragment="true"
         unpack="false"/>

   <plugin
         id="com.jrockit.mc.browser.zh_CN"
         download-size="0"
         install-size="0"
         version="3.1.6.142232"
         fragment="true"
         unpack="false"/>

   <plugin
         id="com.jrockit.mc.console.historicaldata.zh_CN"
         download-size="0"
         install-size="0"
         version="3.1.6.142232"
         fragment="true"
         unpack="false"/>

   <plugin
         id="com.jrockit.mc.console.ui.mbeanbrowser.zh_CN"
         download-size="0"
         install-size="0"
         version="3.1.6.142232"
         fragment="true"
         unpack="false"/>

   <plugin
         id="com.jrockit.mc.console.ui.notification.zh_CN"
         download-size="0"
         install-size="0"
         version="3.1.6.142232"
         fragment="true"
         unpack="false"/>

   <plugin
         id="com.jrockit.mc.console.ui.overview.zh_CN"
         download-size="0"
         install-size="0"
         version="3.1.6.142232"
         fragment="true"
         unpack="false"/>

   <plugin
         id="com.jrockit.mc.console.ui.profiler.zh_CN"
         download-size="0"
         install-size="0"
         version="3.1.6.142232"
         fragment="true"
         unpack="false"/>

   <plugin
         id="com.jrockit.mc.console.ui.system.zh_CN"
         download-size="0"
         install-size="0"
         version="3.1.6.142232"
         fragment="true"
         unpack="false"/>

   <plugin
         id="com.jrockit.mc.console.ui.threads.zh_CN"
         download-size="0"
         install-size="0"
         version="3.1.6.142232"
         fragment="true"
         unpack="false"/>

   <plugin
         id="com.jrockit.mc.console.ui.zh_CN"
         download-size="0"
         install-size="0"
         version="3.1.6.142232"
         fragment="true"
         unpack="false"/>

   <plugin
         id="com.jrockit.mc.core.zh_CN"
         download-size="0"
         install-size="0"
         version="3.1.6.142232"
         fragment="true"
         unpack="false"/>

   <plugin
         id="com.jrockit.mc.docs.zh_CN"
         download-size="0"
         install-size="0"
         version="3.1.6.142232"
         fragment="true"
         unpack="false"/>

   <plugin
         id="com.jrockit.mc.jra.ui.zh_CN"
         download-size="0"
         install-size="0"
         version="3.1.6.142232"
         fragment="true"
         unpack="false"/>

   <plugin
         id="com.jrockit.mc.latency.ui.zh_CN"
         download-size="0"
         install-size="0"
         version="3.1.6.142232"
         fragment="true"
         unpack="false"/>

   <plugin
         id="com.jrockit.mc.memleak.ui.zh_CN"
         download-size="0"
         install-size="0"
         version="3.1.6.142232"
         fragment="true"
         unpack="false"/>

   <plugin
         id="com.jrockit.mc.rcp.application.zh_CN"
         download-size="0"
         install-size="0"
         version="3.1.6.142232"
         fragment="true"
         unpack="false"/>

   <plugin
         id="com.jrockit.mc.console.ui.diagnostic.zh_CN"
         download-size="0"
         install-size="0"
         version="3.1.6.142232"
         fragment="true"
         unpack="false"/>

   <plugin
         id="com.jrockit.mc.rjmx.core.zh_CN"
         download-size="0"
         install-size="0"
         version="3.1.6.142232"
         fragment="true"
         unpack="false"/>

   <plugin
         id="com.jrockit.mc.rjmx.ui.zh_CN"
         download-size="0"
         install-size="0"
         version="3.1.6.142232"
         fragment="true"
         unpack="false"/>

</feature>
