<?xml version="1.0" encoding="UTF-8"?>
<feature
      id="com.jrockit.mc.feature.memleak"
      label="%name"
      version="3.1.6.142232"
      provider-name="%provider">

   <description url="%descriptionUrl">
      %description
   </description>

   <copyright>
      %copyright
   </copyright>

   <license>
      %license
   </license>

   <requires>
      <import feature="com.jrockit.mc.feature.core" version="3.1.6" match="compatible"/>
   </requires>

   <plugin
         id="com.jrockit.mc.memleak.api"
         download-size="0"
         install-size="0"
         version="3.1.6.142232"
         unpack="false"/>

   <plugin
         id="com.jrockit.mc.memleak.ui"
         download-size="0"
         install-size="0"
         version="3.1.6.142232"/>

</feature>
