<oneoff_inventory>
    <opack_version version="11.1.0.4.0"/>
    <patch_id number="14668913"/>
    <unique_patch_id>16825233</unique_patch_id>
    <minimum_opatch_version>13.1.0.0.0</minimum_opatch_version>
    <date_of_patch year="2013" month="Sep" day="25" time="12:08:37 hrs" zone="Asia/Calcutta"/>
    <base_bugs>
        <bug number="14668913" description="NODEMANAGER PRESENTING WRONG CERT CHAIN"/>
    </base_bugs>
    <required_components>
        <component internal_name="oracle.wls.core.app.server" version="12.1.2.0.0" opt_req="R"/>
    </required_components>
    <os_platforms>
        <platform name="Generic Platform 1" id="0"/>
    </os_platforms>
    <executables></executables>
    <instance_shutdown>true</instance_shutdown>
    <instance_shutdown_message></instance_shutdown_message>
    <online_rac_installable>false</online_rac_installable>
    <run_as_root>false</run_as_root>
    <sql_migrate>false</sql_migrate>
    <wls_prereq_oneoffs></wls_prereq_oneoffs>
    <prereq_oneoffs></prereq_oneoffs>
    <coreq_oneoffs></coreq_oneoffs>
    <overlay_oneoffs></overlay_oneoffs>
    <patch_type value="singleton"/>
    <product_family value="db"/>
    <auto>false</auto>
    <applicable_product value=""/>
    <products></products>
    <update_components></update_components>
</oneoff_inventory>
