<?xml version="1.0" encoding="UTF-8"?>
<feature
      id="com.jrockit.mc.feature.console"
      label="%name"
      version="3.1.6.142232"
      provider-name="%provider">

   <description url="%descriptionUrl">
      %description
   </description>

   <copyright>
      %copyright
   </copyright>

   <license>
      %license
   </license>

   <requires>
      <import feature="com.jrockit.mc.feature.core" version="3.1.6" match="equivalent"/>
   </requires>

   <plugin
         id="com.jrockit.mc.alert"
         download-size="0"
         install-size="0"
         version="3.1.6.142232"
         unpack="false"/>

   <plugin
         id="com.jrockit.mc.console.ui"
         download-size="0"
         install-size="0"
         version="3.1.6.142232"
         unpack="false"/>

   <plugin
         id="com.jrockit.mc.console.ui.notification"
         download-size="0"
         install-size="0"
         version="3.1.6.142232"/>

   <plugin
         id="com.jrockit.mc.console.ui.overview"
         download-size="0"
         install-size="0"
         version="3.1.6.142232"
         unpack="false"/>

   <plugin
         id="com.jrockit.mc.console.ui.profiler"
         download-size="0"
         install-size="0"
         version="3.1.6.142232"
         unpack="false"/>

   <plugin
         id="com.jrockit.mc.console.ui.system"
         download-size="0"
         install-size="0"
         version="3.1.6.142232"
         unpack="false"/>

   <plugin
         id="com.jrockit.mc.console.historicaldata"
         download-size="0"
         install-size="0"
         version="3.1.6.142232"
         unpack="false"/>

   <plugin
         id="com.jrockit.mc.console.ui.mbeanbrowser"
         download-size="0"
         install-size="0"
         version="3.1.6.142232"
         unpack="false"/>

   <plugin
         id="com.jrockit.mc.console.ui.threads"
         download-size="0"
         install-size="0"
         version="3.1.6.142232"
         unpack="false"/>

   <plugin
         id="com.jrockit.mc.console.ui.diagnostic"
         download-size="0"
         install-size="0"
         version="3.1.6.142232"
         unpack="false"/>

</feature>
