<?xml version="1.0" encoding="UTF-8"?>
<feature
      id="com.jrockit.mc.feature.jra"
      label="%name"
      version="3.1.6.142232"
      provider-name="%provider">

   <description url="%descriptionUrl">
      %description
   </description>

   <copyright>
      %copyright
   </copyright>

   <license>
      %license
   </license>

   <requires>
      <import feature="com.jrockit.mc.feature.core" version="3.1.6" match="compatible"/>
      <import plugin="org.eclipse.jface.text"/>
      <import plugin="org.eclipse.ui.workbench.texteditor"/>
   </requires>

   <plugin
         id="com.jrockit.mc.jra.model"
         download-size="0"
         install-size="0"
         version="3.1.6.142232"/>

   <plugin
         id="com.jrockit.mc.jra.ui"
         download-size="0"
         install-size="0"
         version="3.1.6.142232"/>

   <plugin
         id="com.jrockit.mc.latency.ui"
         download-size="0"
         install-size="0"
         version="3.1.6.142232"
         unpack="false"/>

</feature>
