<?xml version="1.0" encoding="UTF-8"?>
<feature
      id="com.jrockit.mc.feature.rcp.ja"
      label="%name"
      version="3.1.6.142232"
      provider-name="%provider">

   <description url="%descriptionUrl">
      %description
   </description>

   <copyright>
      %copyright
   </copyright>

   <license>
      %license
   </license>

   <requires>
      <import feature="com.jrockit.mc.feature.core" version="3.1.6" match="compatible"/>
   </requires>

   <plugin
         id="com.jrockit.mc.alert.ja"
         download-size="0"
         install-size="0"
         version="3.1.6.142232"
         fragment="true"
         unpack="false"/>

   <plugin
         id="com.jrockit.mc.browser.attach.ja"
         download-size="0"
         install-size="0"
         version="3.1.6.142232"
         fragment="true"
         unpack="false"/>

   <plugin
         id="com.jrockit.mc.browser.ja"
         download-size="0"
         install-size="0"
         version="3.1.6.142232"
         fragment="true"
         unpack="false"/>

   <plugin
         id="com.jrockit.mc.browser.jdp.ja"
         download-size="0"
         install-size="0"
         version="3.1.6.142232"
         fragment="true"
         unpack="false"/>

   <plugin
         id="com.jrockit.mc.console.historicaldata.ja"
         download-size="0"
         install-size="0"
         version="3.1.6.142232"
         fragment="true"
         unpack="false"/>

   <plugin
         id="com.jrockit.mc.console.ui.ja"
         download-size="0"
         install-size="0"
         version="3.1.6.142232"
         fragment="true"
         unpack="false"/>

   <plugin
         id="com.jrockit.mc.console.ui.mbeanbrowser.ja"
         download-size="0"
         install-size="0"
         version="3.1.6.142232"
         fragment="true"
         unpack="false"/>

   <plugin
         id="com.jrockit.mc.console.ui.notification.ja"
         download-size="0"
         install-size="0"
         version="3.1.6.142232"
         fragment="true"
         unpack="false"/>

   <plugin
         id="com.jrockit.mc.console.ui.overview.ja"
         download-size="0"
         install-size="0"
         version="3.1.6.142232"
         fragment="true"
         unpack="false"/>

   <plugin
         id="com.jrockit.mc.console.ui.profiler.ja"
         download-size="0"
         install-size="0"
         version="3.1.6.142232"
         fragment="true"
         unpack="false"/>

   <plugin
         id="com.jrockit.mc.console.ui.system.ja"
         download-size="0"
         install-size="0"
         version="3.1.6.142232"
         fragment="true"
         unpack="false"/>

   <plugin
         id="com.jrockit.mc.console.ui.threads.ja"
         download-size="0"
         install-size="0"
         version="3.1.6.142232"
         fragment="true"
         unpack="false"/>

   <plugin
         id="com.jrockit.mc.core.ja"
         download-size="0"
         install-size="0"
         version="3.1.6.142232"
         fragment="true"
         unpack="false"/>

   <plugin
         id="com.jrockit.mc.docs.ja"
         download-size="0"
         install-size="0"
         version="3.1.6.142232"
         fragment="true"
         unpack="false"/>

   <plugin
         id="com.jrockit.mc.jra.ui.ja"
         download-size="0"
         install-size="0"
         version="3.1.6.142232"
         fragment="true"
         unpack="false"/>

   <plugin
         id="com.jrockit.mc.latency.ui.ja"
         download-size="0"
         install-size="0"
         version="3.1.6.142232"
         fragment="true"
         unpack="false"/>

   <plugin
         id="com.jrockit.mc.memleak.ui.ja"
         download-size="0"
         install-size="0"
         version="3.1.6.142232"
         fragment="true"
         unpack="false"/>

   <plugin
         id="com.jrockit.mc.rcp.application.ja"
         download-size="0"
         install-size="0"
         version="3.1.6.142232"
         fragment="true"
         unpack="false"/>

   <plugin
         id="com.jrockit.mc.console.ui.diagnostic.ja"
         download-size="0"
         install-size="0"
         version="3.1.6.142232"
         fragment="true"
         unpack="false"/>

   <plugin
         id="com.jrockit.mc.rjmx.core.ja"
         download-size="0"
         install-size="0"
         version="3.1.6.142232"
         fragment="true"
         unpack="false"/>

   <plugin
         id="com.jrockit.mc.rjmx.ui.ja"
         download-size="0"
         install-size="0"
         version="3.1.6.142232"
         fragment="true"
         unpack="false"/>

</feature>
